{
  "Changes": [
    { //I've done my best to sort these entries in order of priority, so that it is easier to track which lines will be visible to players when. I've also commented on what the codes do where i think it could help.
      "LogName": "CDE_Abigail_GiftTastes",
      "Action": "EditData",
      "Target": "Characters/Dialogue/Abigail",
      "Entries": {
        // we can also add reveal gift taste code to these now that they use i18n.
        "AcceptGift_(O)373": "{{i18n: CDE_Abigail_GoldPumpkin}}",
        "AcceptGift_(O)279": "{{i18n: CDE_Abigail_RockCandy}}",
        "AcceptGift_(O)74": "{{i18n: CDE_Abigail_PrismaticShard}}",
        "AcceptGift_(O)446": "{{i18n: CDE_Abigail_RabbitsFoot}}",
        "AcceptGift_(O)904": "{{i18n: CDE_Abigail_BananaPudding}}",
        "AcceptGift_(O)611": "{{i18n: CDE_Abigail_BlackberryCobbler}}",
        "AcceptGift_(O)220": "{{i18n: CDE_Abigail_ChocolateCake}}",
        "AcceptGift_(O)128": "{{i18n: CDE_Abigail_Pufferfish}}",
        "AcceptGift_(O)276": "{{i18n: CDE_Abigail_Pumpkin}}",
        "AcceptGift_(O)226": "{{i18n: CDE_Abigail_SpicyEel}}"
      },
      "When": { "ModdedDialogCompat": true }
      //this is a dynamic token, used to 50/50 randomize which mods gift taste line shows up for these gifts when both mods use the same key. players may get 50/50 with a vanilla or generic gift taste line if UGDE doesn't touch the same key. I can change this if it bothers you but it would mean you have to keep track of a little bit more sectioning and note what keys UGDE uses.
    },
    {
      "LogName": "CDE_Abigail_Rainy",
      "Action": "EditData",
      "Target": "Characters/Dialogue/rainy",
      "Entries": {
        "Abigail": "{{i18n: CDE_Abigail_rainy_{{random: 1,2}}}}"
      }
    },
    {
      "LogName": "CDE_Abigail_Dialogue",
      "Action": "EditData",
      "Target": "Characters/Dialogue/Abigail",
      "Entries": {
        //Festival Related Dialogue
        //i've edited this section to remove duplication when it wasn't needed. spring_12_1 means any year after year 1, fall_26 means only year 1. Should abigail's moonlight jelly line be first year exclusive?
        //this is another area i think we should look at randomizing- currently you will only see fall 26 once at most. we could make fall 26 and fall 26_2 randomize year to year to give people more chances at seeing the line.
        "winter_28_1": "{{i18n: CDE_Abigail_NewYearsEve}}",
        "spring_1_2": "{{i18n: CDE_Abigail_NewYearsDay}}",
        "spring_12_1": "{{i18n: CDE_Abigail_preEggHunt}}",
        "summer_10_1": "{{i18n: CDE_Abigail_preLuau}}",
        "summer_27": "{{i18n: CDE_Abigail_preJellies}}",
        "fall_26": "{{i18n: CDE_Abigail_preSpiritsEve_1}}",
        "fall_26_2": "{{i18n: CDE_Abigail_preSpiritsEve_2}}",
        "winter_7_1": "{{i18n: CDE_Abigail_preFestivalofIce}}",
        "winter_24": "{{i18n: CDE_Abigail_preWinterStar_1}}",
        "winter_24_2": "{{i18n: CDE_Abigail_preWinterStar_2}}",

        //Date Specific Dialogue
        "summer_6": "{{i18in: CDE_Abigail_summer6}}",
        //this means summer day 6 year 1 exclusively. summer_6_1 will mean summer 6 any year.

        //Hearts Specific Dialogue
        "summer_Mon8": "{{i18n: CDE_Abigail_summerMon8}}",
        //this means summer Mondays with 8 hearts. if the players have more than 8 hearts with Abigail, they will never see any other Summer Monday dialogue (besides special dialogue exceptions sorted above this entry)
        //I think it would be smart to sort these lines into "lines that do not need to be tied to friendship level, and lines that do. Then we can put any lines that don't together and randomize them to show up on the correct season and weekday. Players wouldnt miss as much of your content this way, and it would increase other modder's abilities to be compatible with your mod. it would also make it possible for us to remove duplicated lines like the winter cocoa line at 4 and 8 hearts.
        "summer_Mon6": "{{i18n: CDE_Abigail_summerMon6}}",
        "summer_Mon4": "{{i18n: CDE_Abigail_summerMon4}}",
        "summer_Mon2": "{{i18n: CDE_Abigail_summerMon2}}",
        "summer_Tue10": "{{i18n: CDE_Abigail_summerTue10}}",
        "summer_Tue6": "{{i18n: CDE_Abigail_summerTue6}}",
        "summer_Tue4": "{{i18n: CDE_Abigail_summerTue4}}",
        "summer_Tue2": "{{i18n: CDE_Abigail_summerTue2}}",
        "summer_Wed10": "{{i18n: CDE_Abigail_summerWed10}}",
        "summer_Thu8": "{{i18n: CDE_Abigail_summerThu8}}",
        "summer_Wed4": "{{i18n: CDE_Abigail_summerWed4}}",
        "summer_Wed2": "{{i18n: CDE_Abigail_summerWed2}}",
        "summer_Thu10": "{{i18n: CDE_Abigail_summerThu10}}",
        "summer_Fri10": "{{i18n: CDE_Abigail_summerFri10}}",
        "summer_Fri8": "{{i18n: CDE_Abigail_summerFri8}}",
        "summer_Fri6": "{{i18n: CDE_Abigail_summerFri6}}",
        "summer_Fri4": "{{i18n: CDE_Abigail_summerFri4}}",
        "summer_Fri2": "{{i18n: CDE_Abigail_summerFri2}}",
        "summer_Sat10": "{{i18n: CDE_Abigail_summerSat10}}",
        "summer_Sat6": "{{i18n: CDE_Abigail_summerSat6}}",
        "summer_Sat4": "{{i18n: CDE_Abigail_summerSat4}}",
        "summer_Sun6": "{{i18n: CDE_Abigail_summerSun6}}",

        "fall_Mon8": "{{i18n: CDE_Abigail_fallMon8}}",
        "fall_Mon6": "{{i18n: CDE_Abigail_fallMon6}}",
        "fall_Mon4": "{{i18n: CDE_Abigail_fallMon4}}",
        "fall_Tue8": "{{i18n: CDE_Abigail_fallTue8}}",
        "fall_Tue4": "{{i18n: CDE_Abigail_fallTue4}}",
        "fall_Tue2": "{{i18n: CDE_Abigail_fallTue2}}",
        "fall_Wed10": "{{i18n: CDE_Abigail_fallWed10}}",
        "fall_Wed8": "{{i18n: CDE_Abigail_fallWed8}}",
        "fall_Wed4": "{{i18n: CDE_Abigail_fallWed4}}",
        "fall_Thu10": "{{i18n: CDE_Abigail_fallThu10}}",
        "fall_Thu8": "{{i18n: CDE_Abigail_fallThu8}}",
        "fall_Thu6": "{{i18n: CDE_Abigail_fallThu6}}",
        "fall_Thu4": "{{i18n: CDE_Abigail_fallThu4}}",
        "fall_Fri10": "{{i18n: CDE_Abigail_fallFri10}}",
        "fall_Fri6": "{{i18n: CDE_Abigail_fallFri6}}",
        "fall_Sat8": "{{i18n: CDE_Abigail_fallSat8}}",
        "fall_Sat6": "{{i18n: CDE_Abigail_fallSat6}}",
        "fall_Sun8": "{{i18n: CDE_Abigail_fallSun8}}",
        "fall_Sun6": "{{i18n: CDE_Abigail_fallSun6}}",

        "winter_Mon8": "{{i18n: CDE_Abigail_winterMon8}}",
        "winter_Mon6": "{{i18n: CDE_Abigail_winterMon6}}",
        "winter_Mon4": "{{i18n: CDE_Abigail_winterMon4}}",
        "winter_Tue10": "{{i18n: CDE_Abigail_winterTue10}}",
        "winter_Tue8": "{{i18n: CDE_Abigail_winterTue8}}",
        "winter_Tue6": "{{i18n: CDE_Abigail_winterTue6}}",
        "winter_Tue4": "{{i18n: CDE_Abigail_winterTue4}}",
        "winter_Wed10": "{{i18n: CDE_Abigail_winterWed10}}",
        "winter_Wed6": "{{i18n: CDE_Abigail_winterWed6}}",
        "winter_Wed2": "{{i18n: CDE_Abigail_winterWed2}}",
        "winter_Thu10": "{{i18n: CDE_Abigail_winterThu10}}",
        "winter_Thu6": "{{i18n: CDE_Abigail_winterthu6}}",
        "winter_Thu4": "{{i18n: CDE_Abigail_winterThu4}}",
        "winter_Fri10": "{{i18n: CDE_Abigail_winterFri10}}",
        "winter_Fri8": "{{i18n: CDE_Abigail_winterFri8}}",
        "winter_Fri4": "{{i18n: CDE_Abigail_winterFri4}}",
        "winter_Sat10": "{{i18n: CDE_Abigail_winterSat10}}",
        "winter_Sat8": "{{i18n: CDE_Abigail_winterSat8}}",
        "winter_Sat6": "{{i18n: CDE_Abigail_winterSat6}}",
        "winter_Sun10": "{{i18n: CDE_Abigail_winterSun10}}",

        //Generic Weekday Dialogue
        //"winter_Fri" codes for any friday in winter when no other conditions are met
        //"Fri" codes for any friday when no other conditions are met
        "fall_Tue": "{{i18n: CDE_Abigail_fall_Tue}}"
      }
    },
    {
      "LogName": "CDE_Abigail_Marriage",
      "Action": "EditData",
      "Target": "Characters/Dialogue/MarriageDialogueAbigail",
      "Entries": {
        //these lines follow different priority rules than unmarried dialogue does, with different options having different % likelihoods to show up each day when the right conditions are met.

        //Weather specific dialogue
        //note that Indoor_Day is the key for any weather besides rain, even when the NPC is outside. Day means prior to 6pm. Indoor_Night is specific to inside the farmhouse when it's not raining after 6pm.
        "Rainy_Day_0": "{{i18n: CDE_Abigail_Married_RainyDay_{{Random: 1,2}}}}",
        "Rainy_Day_1": "{{i18n: CDE_Abigail_Married_RainyDay_3}}",
        "Rainy_Day_2": "{{i18n: CDE_Abigail_Married_RainyDay_4}}",
        "Rainy_Day_3": "{{i18n: CDE_Abigail_Married_RainyDay_{{Random: 5,6}}}}",
        "Rainy_Day_4": "{{i18n: CDE_Abigail_Married_RainyDay_{{Random: 7,8}}}}",

        "Rainy_Night_0": "{{i18n: CDE_Abigail_Married_RainyNight_{{Random: 1,2}}}}",
        "Rainy_Night_1": "{{i18n: CDE_Abigail_Married_RainyNight_{{Random: 3,4}}}}",
        "Rainy_Night_2": "{{i18n: CDE_Abigail_Married_RainyNight_{{Random: 5,6}}}}",
        "Rainy_Night_3": "{{i18n: CDE_Abigail_Married_RainyNight_{{Random: 7,8}}}}",
        "Rainy_Night_4": "{{i18n: CDE_Abigail_Married_RainyNight_{{Random: 9,10}}}}",

        "Indoor_Day_0": "{{i18n: CDE_Abigail_Married_IndoorDay_{{Random: 1,2}}}}",
        "Indoor_Day_1": "{{i18n: CDE_Abigail_Married_IndoorDay_{{Random: 3,4}}}}",
        "Indoor_Day_2": "{{i18n: CDE_Abigail_Married_IndoorDay_{{Random: 5,6}}}}",
        "Indoor_Day_3": "{{i18n: CDE_Abigail_Married_IndoorDay_{{Random: 7,8}}}}!",
        "Indoor_Day_4": "{{i18n: CDE_Abigail_Married_IndoorDay_{{Random: 9,10}}}}",

        "Indoor_Night_0": "{{i18n: CDE_Abigail_Married_IndoorNight_{{Random: 1,2}}}}",
        "Indoor_Night_1": "{{i18n: CDE_Abigail_Married_IndoorNight_{{Random: 3,4}}}}",
        "Indoor_Night_2": "{{i18n: CDE_Abigail_Married_IndoorNight_{{Random: 5,6}}}}",
        "Indoor_Night_3": "{{i18n: CDE_Abigail_Married_IndoorNight_{{Random: 7,8}}}}",
        "Indoor_Night_4": "{{i18n: CDE_Abigail_Married_IndoorNight_{{Random: 9,10}}}}",

        //locational specific dialogue
        //funleave and return only show up on Mondays or Fridays (except for characters with jobs), and only while the npc is leaving or entering the farmhouse. fun return will not display once the NPC has reached their target location.
        "funLeave_Abigail": "{{i18n: CDE_Abigail_Married_funLeave_{{Random: 1,2}}}}",
        "funReturn_Abigail": "{{i18n: CDE_Abigail_Married_funReturn_{{Random: 1,2}}}}",
        //Kid dialogue only displays when the NPC is standing in the farmhouse kitchen
        "OneKid_3": "{{i18n: CDE_Abigail_Married_OneKid_{{Random: 1,2}}}}",
        "TwoKids_0": "{{i18n: CDE_Abigail_Married_TwoKids_{{Random: 1,2}}}}",
        "TwoKids_2": "{{i18n: CDE_Abigail_Married_TwoKids_{{Random: 3,4}}}}",
        "TwoKids_3": "{{i18n: CDE_Abigail_Married_TwoKids_{{Random: 5,6}}}}",
        //Outdoor Dialogue only displays on the farm. _num has an 80% chance of being displayed, _npc has a 20% chance. _npc is currently unused here
        //currently unused here: "_spouseRoom_Abigail" for dialogue unique to when she is inside her room, "_patio_Spouse" when shes standing on her patio.
        "Outdoor_0": "{{i18n: CDE_Abigail_Married_Outdoor_{{Random: 1,2}}}}",
        "Outdoor_1": "{{i18n: CDE_Abigail_Married_Outdoor_{{Random: 3,4}}}}",
        "Outdoor_2": "{{i18n: CDE_Abigail_Married_Outdoor_{{Random: 5,6}}}}",
        "Outdoor_3": "{{i18n: CDE_Abigail_Married_Outdoor_{{Random: 7,8}}}}",
        "Outdoor_4": "{{i18n: CDE_Abigail_Married_Outdoor_{{Random: 9,10}}}}",

        //Festival Specific Dialogue
        "winter_8": "{{i18n: CDE_Abigail_Married_FestivalofIce}}",
        "winter_24": "{{i18n: CDE_Abigail_Married_preWinterStar}}",
        "winter_28": "{{i18n: CDE_Abigail_Married_NewYearsEve}}",

        //Date Specific Dialogue
        "spring_6": "{{i18n: CDE_Abigail_Married_spring6}}",
        "spring_16": "{{i18n: CDE_Abigail_Married_spring16}}",
        "summer_19": "{{i18n: CDE_Abigail_Married_summer19}}",
        "summer_22": "{{i18n: CDE_Abigail_Married_summer22}}",
        "summer_23": "{{i18n: CDE_Abigail_Married_summer23}}",
        "fall_12": "{{i18n: CDE_Abigail_Married_fall12}}",
        "fall_24": "{{i18n: CDE_Abigail_Married_fall24}}",
        "fall_28": "{{i18n: CDE_Abigail_Married_fall28}}",
        "winter_1": "{{i18n: CDE_Abigail_Married_winter1}}",
        "winter_19": "{{i18n: CDE_Abigail_Married_winter19}}"

        //season specific dialogue
        //shown at 9+ hearts, with a 5% chance each day
        //currently unused. key looks like "_fall_Abigail"

        //affection specific dialogue
        //only shown inside the farmhouse between 11 and 6pm, or at the start of day if no other dialogue is chosen first.
        //Bad or Neutral responses are randomly chosen between if the player has less than 9 hearts, Good or Neutral responses have a 50/50 chance with 10+ hearts, and the likelihood of a Good response goes up to 87% with 11+ hearts
        //currently unused. key looks like "_Bad_3"
      }
    }
  ]
}