{
  "Changes": [
    {
      "LogName": "CFE_Birdie",
      "Action": "EditData",
      "Target": "Data/ExtraDialogue",
      "Entries": {
        "Birdie7": "{{i18n: CFE_Birdie_7}}",
        "Birdie8": "{{i18n: CFE_Birdie_8}}",
        "Birdie9": "{{i18n: CFE_Birdie_9}}",
        "Birdie10": "{{i18n: CFE_Birdie_10}}",
        "Birdie11": "{{i18n: CFE_Birdie_11}}",
        "Birdie13": "{{i18n: CFE_Birdie_13}}",
        "Birdie14": "{{i18n: CFE_Birdie_14}}",
        "Birdie16": "{{i18n: CFE_Birdie_16}}",
        "Birdie18": "{{i18n: CFE_Birdie_18}}",
        "Birdie20": "{{i18n: CFE_Birdie_20}}",
        "Birdie24": "{{i18n: CFE_Birdie_24}}",
        "Birdie25": "{{i18n: CFE_Birdie_25}}",
        "Birdie26": "{{i18n: CFE_Birdie_26}}",
        "Birdie27": "{{i18n: CFE_Birdie_27}}"
      },
      "When": { "Query: '{{CFE_Birdie}}' = 'true' OR ('{{CFE_Birdie}}' = 'random' AND '{{Random: true, false}}' = 'true')": true }
    }
  ]
}