{
  "Changes": [
    {
      "LogName": "CFE_Gus_Compat.GiftTaste",
      "Action": "EditData",
      "Target": "Characters/Dialogue/Gus",
      "Entries": {
        //any keys that overlap go here
        "AcceptGift_(O)72": "{{i18n: CFE_Gus_Diamond}}",
        "AcceptGift_(O)729": "{{i18n: CFE_Gus_Escargot}}",
        "AcceptGift_(O)213": "{{i18n: CFE_Gus_FishTaco}}"
      },
      "When": {
        "ModdedDialogCompat.GiftTaste": "true"
      }
    },
    {
      "LogName": "CFE_Gus_Compat.MSGR",
      "Action": "EditData",
      "Target": "Characters/Dialogue/Gus",
      "Entries": {
        "AcceptGift_(O)635": "{{i18n: CFE_Gus_Orange}}",
        "AcceptGift_(O)907": "{{i18n: CFE_Gus_TropicalCurry}}"
      },
      "When": {
        "ModdedDialogCompat.MSGR": "true"
      }
    },
    {
      "LogName": "CFE_Gus_GiftTastes",
      "Action": "EditData",
      "Target": "Characters/Dialogue/Gus",
      "Entries": {
        "AcceptGift_(O)373": "{{i18n: CFE_Gus_GoldPumpkin}}",
        "AcceptGift_(O)279": "{{i18n: CFE_Gus_RockCandy}}",
        "AcceptGift_(O)797": "{{i18n: CFE_Gus_Pearl}}",
        "AcceptGift_(O)74": "{{i18n: CFE_Gus_PrismaticShard}}"
      }
    },

    {
      "LogName": "CFE_Gus_Rainy",
      "Action": "EditData",
      "Target": "Characters/Dialogue/rainy",
      "Entries": {
        "Gus": "{{i18n: CFE_Gus_rainy_{{random: 1,2,3}}}}"
      }
    },

    {
      "LogName": "CFE_Gus_Dialogue",
      "Action": "EditData",
      "Target": "Characters/Dialogue/Gus",
      "Entries": {
        //special dialogue
        "Saloon": null, //intentionally nulled
        "Saloon4": null, //intentionally nulled
        "Saloon8": null, //intentionally nulled
        "Saloon_Tue": null, //intentionally nulled
        "Saloon_Thu": null, //intentionally nulled
        "Saloon_Fri": null, //intentionally nulled

        //Date Specific Dialogue
        "spring_1_2": "{{i18n: CFE_Gus_spring1y2}}",
        "spring_12_1": "{{i18n: CFE_Gus_spring12}}",
        "spring_12_2": "{{i18n: CFE_Gus_spring12}}",

        "summer_10_1": "{{i18n: CFE_Gus_summer10 | ShortLuauName={{ShortLuauName}}}}",
        "summer_10_2": "{{i18n: CFE_Gus_summer10 | ShortLuauName={{ShortLuauName}}}}",

        "fall_15_1": "{{i18n: CFE_Gus_fall15}}",
        "fall_15_2": "{{i18n: CFE_Gus_fall15}}",
        "fall_26_1": "{{i18n: CFE_Gus_fall26}}",
        "fall_26_2": "{{i18n: CFE_Gus_fall26}}",

        "winter_24_1": "{{i18n: CFE_Gus_winter24}}",
        "winter_24_2": "{{i18n: CFE_Gus_winter24}}",
        "winter_28_1": "{{i18n: CFE_Gus_winter28}}",
        "winter_28_2": "{{i18n: CFE_Gus_winter28}}"
      }
    },

    {
      "LogName": "CFE_Gus_Dialogue_Compat.Haywrites",
      "Action": "EditData",
      "Target": "Characters/Dialogue/Gus",
      "When": { "ModdedDialogCompat.Hay": "true" },
      "Entries": {
        //Heart Specific Dialogue
        "summer_Mon10": "{{i18n: CFE_Gus_summerMon10}}",
        "summer_Tue10": "{{i18n: CFE_Gus_summerTue10}}",
        "summer_Wed10": "{{i18n: CFE_Gus_summerWed10}}",
        "summer_Fri10": "{{i18n: CFE_Gus_summerFri10}}",
        "summer_Sun6": "{{i18n: CFE_Gus_summerSun6}}",
        "summer_Sun2": "{{i18n: CFE_Gus_summerSun2}}",

        "fall_Mon10": "{{i18n: CFE_Gus_fallMon10}}",
        "fall_Thu10": "{{i18n: CFE_Gus_fallThu10}}",
        "fall_Thu4": "{{i18n: CFE_Gus_fallThu4}}",
        "fall_Fri8": "{{i18n: CFE_Gus_fallFri8}}",
        "fall_Fri4": "{{i18n: CFE_Gus_fallFri4}}",

        "winter_Mon10": "{{i18n: CFE_Gus_winterMon10}}",
        "winter_Tue10": "{{i18n: CFE_Gus_winterTue10}}",
        "winter_Wed10": "{{i18n: CFE_Gus_winterWed10}}",
        "winter_Sat6": "{{i18n: CFE_Gus_winterSat6}}",

        "Mon10": "{{i18n: CFE_Gus_Mon10}}",
        "Mon8": "{{i18n: CFE_Gus_Mon8}}",
        "Mon8_old": "{{i18n: CFE_Gus_Mon8_old}}",
        "Mon8_010": "{{i18n: CFE_Gus_Mon8_010}}",
        "Mon8_011": "{{i18n: CFE_Gus_Mon8_011}}",
        "Mon6": "{{i18n: CFE_Gus_Mon6}}",
        "Mon4": "{{i18n: CFE_Gus_Mon4}}",
        "Mon2": "{{i18n: CFE_Gus_Mon2}}",
        "Tue8": "{{i18n: CFE_Gus_Tue8}}",
        "Tue6": "{{i18n: CFE_Gus_Tue6}}",
        "Tue4": "{{i18n: CFE_Gus_Tue4}}",
        "Tue2": "{{i18n: CFE_Gus_Tue2}}",
        "Wed10": "{{i18n: CFE_Gus_Wed10}}",
        "Wed8": "{{i18n: CFE_Gus_Wed8}}",
        "Wed6": "{{i18n: CFE_Gus_Wed6}}",
        "Wed4": "{{i18n: CFE_Gus_Wed4}}",
        "Wed2": "{{i18n: CFE_Gus_Wed2}}",
        "Thu10": "{{i18n: CFE_Gus_Thu10}}",
        "Thu4": "{{i18n: CFE_Gus_Thu4}}",
        "Thu2": "{{i18n: CFE_Gus_Thu2}}",
        "Fri8": "{{i18n: CFE_Gus_Fri8}}",
        "Fri6": "{{i18n: CFE_Gus_Fri6}}",
        "Fri4": "{{i18n: CFE_Gus_Fri4}}",
        "Fri2": "{{i18n: CFE_Gus_Fri2}}",
        "Sat8": "{{i18n: CFE_Gus_Sat8}}",
        "Sat6": "{{i18n: CFE_Gus_Sat6}}",
        "Sat4": "{{i18n: CFE_Gus_Sat4}}",
        "Sat2": "{{i18n: CFE_Gus_Sat2}}",
        "Sun10": "{{i18n: CFE_Gus_Sun10}}",
        "Sun8": "{{i18n: CFE_Gus_Sun8}}",
        "Sun6": "{{i18n: CFE_Gus_Sun6}}",
        "Sun4": "{{i18n: CFE_Gus_Sun4}}",
        "Sun2": "{{i18n: CFE_Gus_Sun2}}",

        //Generic Weekday Dialogue
        "summer_Thu": "{{i18n: CFE_Gus_summerThu}}",
        "winter_Sat": "{{i18n: CFE_Gus_winterSat}}",

        "Wed": "{{i18n: CFE_Gus_Wed{{GenderNeutralCompat}}  |AdultFamilialNoun={{lowercase:{{Random:{{GNMTAdultFamilialNoun}}}}}}}}",
        "Wed_old": "{{i18n: CFE_Gus_Wed_old}}",
        "Wed_012": "{{i18n: CFE_Gus_Wed_012}}",
        "Wed_013": "{{i18n: CFE_Gus_Wed_013}}",
        "Wed_014": "{{i18n: CFE_Gus_Wed_014}}",
        "Wed_015": "{{i18n: CFE_Gus_Wed_015}}",
        "Sat": "{{i18n: CFE_Gus_Sat}}"
      }
    }
  ]
}