{
  "Changes": [
    {
      "LogName": "CFE_Harvey_Compat",
      "Action": "EditData",
      "Target": "Characters/Dialogue/Harvey",
      "Entries": {
        //any keys that overlap go here
        "AcceptGift_(O)395": "{{i18n: CFE_Harvey_Coffee}}"
      },
      "When": {
        "ModdedDialogCompat": "true",
        "Query: '{{CFE_Harvey}}' = 'true' OR ('{{CFE_Harvey}}' = 'random' AND '{{Random: true, false}}' = 'true')": true
      }
    },
    {
      "LogName": "CFE_Harvey_GiftTastes",
      "Action": "EditData",
      "Target": "Characters/Dialogue/Harvey",
      "Entries": {
        "AcceptGift_(O)373": "{{i18n: CFE_Harvey_GoldPumpkin}}",
        "AcceptGift_(O)279": "{{i18n: CFE_Harvey_RockCandy}}",
        "AcceptGift_(O)74": "{{i18n: CFE_Harvey_PrismaticShard}}",
        "AcceptGift_(O)446": "{{i18n: CFE_Harvey_RabbitsFoot}}",
        "AcceptGift_(O)342": "{{i18n: CFE_Harvey_Pickles}}",
        "AcceptGift_(O)237": "{{i18n: CFE_Harvey_SuperMeal}}"
      },
      "When": { "Query: '{{CFE_Harvey}}' = 'true' OR ('{{CFE_Harvey}}' = 'random' AND '{{Random: true, false}}' = 'true')": true }
    },
    {
      "LogName": "CFE_Harvey_Rainy",
      "Action": "EditData",
      "Target": "Characters/Dialogue/rainy",
      "Entries": {
        "Harvey": "{{i18n: CFE_Harvey_rainy_{{random: 1,2,3}}}}"
      },
      "When": { "Query: '{{CFE_Harvey}}' = 'true' OR ('{{CFE_Harvey}}' = 'random' AND '{{Random: true, false}}' = 'true')": true }
    },
    {
      "LogName": "CFE_Harvey_Dialogue",
      "Action": "EditData",
      "Target": "Characters/Dialogue/Harvey",
      "Entries": {
        //special dialogue

        //Date Specific Dialogue
        "spring_1_2": "{{i18n: CFE_Harvey_spring1y2}}",
        "spring_12_1": "{{i18n: CFE_Harvey_spring12}}",
        "spring_12_2": "{{i18n: CFE_Harvey_spring12}}",
        "spring_23_1": "{{i18n: CFE_Harvey_spring23}}",
        "spring_23_2": "{{i18n: CFE_Harvey_spring23}}",

        "summer_10_1": "{{i18n: CFE_Harvey_summer10}}",
        "summer_10_2": "{{i18n: CFE_Harvey_summer10}}",

        "winter_7_1": "{{i18n: CFE_Harvey_winter7}}",
        "winter_7_2": "{{i18n: CFE_Harvey_winter7}}",
        "winter_28_1": "{{i18n: CFE_Harvey_winter28}}",
        "winter_28_2": "{{i18n: CFE_Harvey_winter28}}",

        //Heart Specific Dialogue
        "summer_Tue8": "{{i18n: CFE_Harvey_summerTue8}}",
        "summer_Tue4": "{{i18n: CFE_Harvey_summerTue4}}",
        "summer_Tue2": "{{i18n: CFE_Harvey_summerTue2}}",
        "summer_Wed8": "{{i18n: CFE_Harvey_summerWed8}}",
        "summer_Thu10": "{{i18n: CFE_Harvey_summerThu10}}",
        "summer_Thu6": "{{i18n: CFE_Harvey_summerThu6}}",
        "summer_Thu2": "{{i18n: CFE_Harvey_summerThu2}}",
        "summer_Fri10": "{{i18n: CFE_Harvey_summerFri10}}",
        "summer_Fri6": "{{i18n: CFE_Harvey_summerFri6}}",
        "summer_Fri4": "{{i18n: CFE_Harvey_summerFri4}}",
        "summer_Fri2": "{{i18n: CFE_Harvey_summerFri2}}",

        "fall_Fri10": "{{i18n: CFE_Harvey_fallFri10}}",
        "fall_Fri8": "{{i18n: CFE_Harvey_fallFri8}}",
        "fall_Fri6": "{{i18n: CFE_Harvey_fallFri6}}",
        "fall_Fri4": "{{i18n: CFE_Harvey_fallFri4}}",
        "fall_Sat10": "{{i18n: CFE_Harvey_fallSat10}}",
        "fall_Sat8": "{{i18n: CFE_Harvey_fallSat8}}",
        "fall_Sat6": "{{i18n: CFE_Harvey_fallSat6}}",
        "fall_Sat4": "{{i18n: CFE_Harvey_fallSat4}}",

        "winter_Wed10": "{{i18n: CFE_Harvey_winterWed10}}",
        "winter_Wed8": "{{i18n: CFE_Harvey_winterWed8}}",
        "winter_Sat10": "{{i18n: CFE_Harvey_winterSat10}}",
        "winter_Sun8": "{{i18n: CFE_Harvey_winterSun8}}",
        "winter_Sun4": "{{i18n: CFE_Harvey_winterSun4}}",

        "Mon8": "{{i18n: CFE_Harvey_Mon8}}",
        "Mon6": "{{i18n: CFE_Harvey_Mon6}}",
        "Mon4": "{{i18n: CFE_Harvey_Mon4}}",
        "Mon2": "{{i18n: CFE_Harvey_Mon2}}",
        "Mon2_old": "{{i18n: CFE_Harvey_Mon2_old}}",
        "Mon2_080": "{{i18n: CFE_Harvey_Mon2_080}}",
        "Mon2_081": "{{i18n: CFE_Harvey_Mon2_081}}",
        "Mon2_082": "{{i18n: CFE_Harvey_Mon2_082}}",
        "Mon2_083": "{{i18n: CFE_Harvey_Mon2_083}}",
        "Tue10": "{{i18n: CFE_Harvey_Tue10}}",
        "Tue8": "{{i18n: CFE_Harvey_Tue8}}",
        "Tue6": "{{i18n: CFE_Harvey_Tue6}}",
        "Tue4": "{{i18n: CFE_Harvey_Tue4}}",
        "Tue2": "{{i18n: CFE_Harvey_Tue2}}",
        "Wed2": "{{i18n: CFE_Harvey_Wed2}}",
        "Thu10": "{{i18n: CFE_Harvey_Thu10}}",
        "Thu8": "{{i18n: CFE_Harvey_Thu8}}",
        "Thu6": "{{i18n: CFE_Harvey_Thu6}}",
        "Thu4": "{{i18n: CFE_Harvey_Thu4}}",
        "Thu2": "{{i18n: CFE_Harvey_Thu2}}",
        "Fri8": "{{i18n: CFE_Harvey_Fri8}}",
        "Fri6": "{{i18n: CFE_Harvey_Fri6}}",
        "Fri2": "{{i18n: CFE_Harvey_Fri2}}",
        "Sat8": "{{i18n: CFE_Harvey_Sat8}}",
        "Sat6": "{{i18n: CFE_Harvey_Sat6}}",
        "Sat2": "{{i18n: CFE_Harvey_Sat2}}",
        "Sun10": "{{i18n: CFE_Harvey_Sun10}}",
        "Sun4": "{{i18n: CFE_Harvey_Sun4}}",
        "Sun2": "{{i18n: CFE_Harvey_Sun2}}",

        //Generic Weekday Dialogue
        "fall_Fri": "{{i18n: CFE_Harvey_fallFri}}",
        "fall_Sat": "{{i18n: CFE_Harvey_fallSat}}",

        "Sat": "{{i18n: CFE_Harvey_Sat}}",
        "Sun": "{{i18n: CFE_Harvey_Sun}}"
      },
      "When": { "Query: '{{CFE_Harvey}}' = 'true' OR ('{{CFE_Harvey}}' = 'random' AND '{{Random: true, false}}' = 'true')": true }
    },
    {
      "LogName": "CFE_Harvey_Marriage_GenericDialogue",
      "Action": "EditData",
      "Target": "Characters/Dialogue/MarriageDialogue",
      "Entries": {
        "spouseRoom_Harvey": "{{i18n: CFE_Harvey_Married_spouseRoom_{{random: 1,2,3,4,5}}}}",
        "jobLeave_Harvey": "{{i18n: CFE_Harvey_Married_jobLeave_{{Random: 1,2,3,4}}}}",
        "jobReturn_Harvey": "{{i18n: CFE_Harvey_Married_jobReturn_{{Random: 1,2,3,4}}}}"
      },
      "When": { "Query: '{{CFE_Harvey}}' = 'true' OR ('{{CFE_Harvey}}' = 'random' AND '{{Random: true, false}}' = 'true')": true }
    },
    {
      "LogName": "CFE_Harvey_Marriage",
      "Action": "EditData",
      "Target": "Characters/Dialogue/MarriageDialogueHarvey",
      "Entries": {
        //these lines follow different priority rules than unmarried dialogue does, with different options having different % likelihoods to show up each day when the right conditions are met.

        //Weather specific dialogue
        //note that Indoor_Day is the key for any weather besides rain, even when the Harvey is outside. Day means prior to 6pm. Indoor_Night is specific to inside the farmhouse when it's not raining after 6pm.
        "Rainy_Day_0": "{{i18n: CFE_Harvey_Married_RainyDay_{{Random: 1,2}}}}",
        "Rainy_Day_1": "{{i18n: CFE_Harvey_Married_RainyDay_{{Random: 3,4}}}}",
        "Rainy_Day_2": "{{i18n: CFE_Harvey_Married_RainyDay_{{Random: 5,6}}}}",
        "Rainy_Day_3": "{{i18n: CFE_Harvey_Married_RainyDay_{{Random: 7,8}}}}",
        "Rainy_Day_4": "{{i18n: CFE_Harvey_Married_RainyDay_{{Random: 9,10}}}}",

        "Rainy_Night_0": "{{i18n: CFE_Harvey_Married_RainyNight_{{Random: 1,2}}{{GenderNeutralCompat}} |TermOfEndearment={{lowercase:{{Random:{{GNMTTermOfEndearment}}}}}}}}",
        "Rainy_Night_1": "{{i18n: CFE_Harvey_Married_RainyNight_{{Random: 3,4}}}}",
        "Rainy_Night_2": "{{i18n: CFE_Harvey_Married_RainyNight_{{Random: 5,6}}}}",
        "Rainy_Night_3": "{{i18n: CFE_Harvey_Married_RainyNight_{{Random: 7,8}}}}",
        "Rainy_Night_4": "{{i18n: CFE_Harvey_Married_RainyNight_{{Random: 9,10}}}}",

        "Indoor_Day_0": "{{i18n: CFE_Harvey_Married_IndoorDay_{{Random: 1,2,3}}}}",
        "Indoor_Day_1": "{{i18n: CFE_Harvey_Married_IndoorDay_{{Random: 4,5,6}}}}",
        "Indoor_Day_2": "{{i18n: CFE_Harvey_Married_IndoorDay_{{Random: 7,8,9}}}}",
        "Indoor_Day_3": "{{i18n: CFE_Harvey_Married_IndoorDay_{{Random: 10,11,12}}}}",
        "Indoor_Day_4": "{{i18n: CFE_Harvey_Married_IndoorDay_{{Random: 13,14,15}}}}",

        "Indoor_Night_0": "{{i18n: CFE_Harvey_Married_IndoorNight_{{Random: 1,2}}{{GenderNeutralCompat}} |TermOfEndearment={{lowercase:{{Random:{{GNMTTermOfEndearment}}}}}}}}",
        "Indoor_Night_1": "{{i18n: CFE_Harvey_Married_IndoorNight_{{Random: 3,4}}}}",
        "Indoor_Night_2": "{{i18n: CFE_Harvey_Married_IndoorNight_{{Random: 5,6}}}}",
        "Indoor_Night_3": "{{i18n: CFE_Harvey_Married_IndoorNight_{{Random: 7,8}}}}",
        "Indoor_Night_4": "{{i18n: CFE_Harvey_Married_IndoorNight_{{Random: 9,10}}}}",

        //locational specific dialogue
        //funleave and return only show up on Mondays or Fridays (except for characters with jobs), and only while the Harvey is leaving or entering the farmhouse. fun return will not display once the Harvey has reached their target location.
        //Kid dialogue only displays when the Harvey is standing in the farmhouse kitchen
        //Kid dialogue only displays when the Harvey is standing in the farmhouse kitchen
        //Outdoor Dialogue only displays on the farm. _num has an 80% chance of being displayed, _Harvey has a 20% chance. _Harvey is currently unused here

        "funLeave_Harvey": "{{i18n: CFE_Harvey_Married_funLeave_{{Random: 1,2}}}}",
        "funReturn_Harvey": "{{i18n: CFE_Harvey_Married_funReturn_{{Random: 1,2}}}}",

        "OneKid_0": "{{i18n: CFE_Harvey_Married_OneKid_{{Random: 1,2}}}}",
        "OneKid_1": "{{i18n: CFE_Harvey_Married_OneKid_{{Random: 3,4}}}}",
        "OneKid_2": "{{i18n: CFE_Harvey_Married_OneKid_{{Random: 5,6}}}}",
        "OneKid_3": "{{i18n: CFE_Harvey_Married_OneKid_{{Random: 7,8}}}}",
        "TwoKids_0": "{{i18n: CFE_Harvey_Married_TwoKids_{{Random: 1,2}}}}",
        "TwoKids_1": "{{i18n: CFE_Harvey_Married_TwoKids_{{Random: 3,4}}}}",
        "TwoKids_2": "{{i18n: CFE_Harvey_Married_TwoKids_{{Random: 5,6}}}}",
        "TwoKids_3": "{{i18n: CFE_Harvey_Married_TwoKids_{{Random: 7,8}}}}",

        "Outdoor_0": "{{i18n: CFE_Harvey_Married_Outdoor_{{Random: 1,2}}}}",
        "Outdoor_1": "{{i18n: CFE_Harvey_Married_Outdoor_{{Random: 3,4}}}}",
        "Outdoor_2": "{{i18n: CFE_Harvey_Married_Outdoor_{{Random: 5,6}}}}",
        "Outdoor_3": "{{i18n: CFE_Harvey_Married_Outdoor_{{Random: 7,8}}}}",
        "Outdoor_4": "{{i18n: CFE_Harvey_Married_Outdoor_{{Random: 9,10}}}}",

        "patio_Harvey": "{{i18n: CFE_Harvey_Married_patio_{{Random: 1,2,3}}}}",

        //Date Specific Dialogue
        "spring_2": "{{i18n: CFE_Harvey_Married_spring2}}",
        "spring_9": "{{i18n: CFE_Harvey_Married_spring9}}",
        "spring_16": "{{i18n: CFE_Harvey_Married_spring16}}",
        "spring_25": "{{i18n: CFE_Harvey_Married_spring25}}",

        "summer_4": "{{i18n: CFE_Harvey_Married_summer4}}",
        "summer_16": "{{i18n: CFE_Harvey_Married_summer16}}",
        "summer_17": "{{i18n: CFE_Harvey_Married_summer17}}",
        "summer_23": "{{i18n: CFE_Harvey_Married_summer23}}",

        "fall_4": "{{i18n: CFE_Harvey_Married_fall4}}",
        "fall_9": "{{i18n: CFE_Harvey_Married_fall9}}",
        "fall_11": "{{i18n: CFE_Harvey_Married_fall11}}",
        "fall_18": "{{i18n: CFE_Harvey_Married_fall18}}",

        "winter_11": "{{i18n: CFE_Harvey_Married_winter11}}",
        "winter_16": "{{i18n: CFE_Harvey_Married_winter16}}",
        "winter_24": "{{i18n: CFE_Harvey_Married_winter24}}",
        "winter_26": "{{i18n: CFE_Harvey_Married_winter26}}"
        //Seasonal Dialogue
        //shown at 9+ hearts, with a 5% chance each day
        //currently unused. key looks like "fall_Harvey"

        //Affection Specific Dialogue
      },
      "When": { "Query: '{{CFE_Harvey}}' = 'true' OR ('{{CFE_Harvey}}' = 'random' AND '{{Random: true, false}}' = 'true')": true }
    }
  ]
}
