{
  "Changes": [
    {
      "LogName": "CFE_EggFest_Dialogue",
      "Action": "EditData",
      "Target": "Data/Festivals/spring13.xnb",
      "Entries": {
        "Abigail": "{{i18n: CFE_EggFest_Abigail}}",
        "Robin": "{{i18n: CFE_EggFest_Robin}}",
        "Demetrius": "{{i18n: CFE_EggFest_Demetrius}}",
        "Maru": "{{i18n: CFE_EggFest_Maru}}",
        "Sebastian": "{{i18n: CFE_EggFest_Sebastian}}",
        "Linus": "{{i18n: CFE_EggFest_Linus}}",
        "Caroline": "{{i18n: CFE_EggFest_Caroline}}",
        "Alex": "{{i18n: CFE_EggFest_Alex}}",
        "George": "{{i18n: CFE_EggFest_George}}",
        "Evelyn": "{{i18n: CFE_EggFest_Evelyn}}",
        "Clint": "{{i18n: CFE_EggFest_Clint}}",
        "Penny": "{{i18n: CFE_EggFest_Penny}}",
        "Pam": "{{i18n: CFE_EggFest_Pam}}",
        "Emily": "{{i18n: CFE_EggFest_Emily}}",
        "Haley": "{{i18n: CFE_EggFest_Haley}}",
        "Jodi": "{{i18n: CFE_EggFest_Jodi}}",
        "Marlon": "{{i18n: CFE_EggFest_Marlon}}",
        "Sam": "{{i18n: CFE_EggFest_Sam}}",
        "Leah": "{{i18n: CFE_EggFest_Leah}}",
        "Shane": "{{i18n: CFE_EggFest_Shane}}",
        "Marnie": "{{i18n: CFE_EggFest_Marnie}}",
        "Elliott": "{{i18n: CFE_EggFest_Elliott}}",
        "Gus": "{{i18n: CFE_EggFest_Gus}}",
        "Harvey": "{{i18n: CFE_EggFest_Harvey}}",
        "Jas": "{{i18n: CFE_EggFest_Jas}}",
        "Vincent": "{{i18n: CFE_EggFest_Vincent}}",
        "Willy": "{{i18n: CFE_EggFest_Willy}}",
        "Kent": "{{i18n: CFE_EggFest_Kent}}",
        "Leo": "{{i18n: CFE_EggFest_Leo}}",
        "Abigail_y2": "{{i18n: CFE_EggFest_Abigail_y2}}",
        "Robin_y2": "{{i18n: CFE_EggFest_Robin_y2}}",
        "Demetrius_y2": "{{i18n: CFE_EggFest_Demetrius_y2}}",
        "Maru_y2": "{{i18n: CFE_EggFest_Maru_y2}}",
        "Sebastian_y2": "{{i18n: CFE_EggFest_Sebastian_y2}}",
        "Linus_y2": "{{i18n: CFE_EggFest_Linus_y2}}",
        "Caroline_y2": "{{i18n: CFE_EggFest_Caroline_y2}}",
        "Alex_y2": "{{i18n: CFE_EggFest_Alex_y2}}",
        "George_y2": "{{i18n: CFE_EggFest_George_y2}}",
        "Evelyn_y2": "{{i18n: CFE_EggFest_Evelyn_y2}}",
        "Lewis_y2": "{{i18n: CFE_EggFest_Lewis_y2}}",
        "Clint_y2": "{{i18n: CFE_EggFest_Clint_y2}}",
        "Penny_y2": "{{i18n: CFE_EggFest_Penny_y2}}",
        "Pam_y2": "{{i18n: CFE_EggFest_Pam_y2}}",
        "Emily_y2": "{{i18n: CFE_EggFest_Emily_y2}}",
        "Haley_y2": "{{i18n: CFE_EggFest_Haley_y2}}",
        "Jodi_y2": "{{i18n: CFE_EggFest_Jodi_y2}}",
        "Kent_y2": "{{i18n: CFE_EggFest_Kent_y2}}",
        "Marlon_y2": "{{i18n: CFE_EggFest_Marlon_y2}}",
        "Sam_y2": "{{i18n: CFE_EggFest_Sam_y2}}",
        "Leah_y2": "{{i18n: CFE_EggFest_Leah_y2}}",
        "Shane_y2": "{{i18n: CFE_EggFest_Shane_y2}}",
        "Marnie_y2": "{{i18n: CFE_EggFest_Marnie_y2}}",
        "Elliott_y2": "{{i18n: CFE_EggFest_Elliott_y2}}",
        "Gus_y2": "{{i18n: CFE_EggFest_Gus_y2}}",
        "Harvey_y2": "{{i18n: CFE_EggFest_Harvey_y2}}",
        "Jas_y2": "{{i18n: CFE_EggFest_Jas_y2}}",
        "Vincent_y2": "{{i18n: CFE_EggFest_Vincent_y2}}",
        "Willy_y2": "{{i18n: CFE_EggFest_Willy_y2}}",
        "Leo_y2": "{{i18n: CFE_EggFest_Leo_y2}}"
      }
    },
    {
      "LogName": "CFE_FlowerDance_Dialogue",
      "Action": "EditData",
      "Target": "Data/Festivals/spring24.xnb",
      "Entries": {
        "Abigail": "{{i18n: CFE_FlowerDance_Abigail}}",
        "Robin": "{{i18n: CFE_FlowerDance_Robin}}",
        "Demetrius": "{{i18n: CFE_FlowerDance_Demetrius}}",
        "Maru": "{{i18n: CFE_FlowerDance_Maru}}",
        "Sebastian": "{{i18n: CFE_FlowerDance_Sebastian}}",
        "Linus": "{{i18n: CFE_FlowerDance_Linus}}",
        "Caroline": "{{i18n: CFE_FlowerDance_Caroline}}",
        "Alex": "{{i18n: CFE_FlowerDance_Alex}}",
        "George": "{{i18n: CFE_FlowerDance_George}}",
        "Evelyn": "{{i18n: CFE_FlowerDance_Evelyn}}",
        "Clint": "{{i18n: CFE_FlowerDance_Clint}}",
        "Penny": "{{i18n: CFE_FlowerDance_Penny}}",
        "Pam": "{{i18n: CFE_FlowerDance_Pam}}",
        "Emily": "{{i18n: CFE_FlowerDance_Emily}}",
        "Haley": "{{i18n: CFE_FlowerDance_Haley}}",
        "Jodi": "{{i18n: CFE_FlowerDance_Jodi}}",
        "Marlon": "{{i18n: CFE_FlowerDance_Marlon}}",
        "Sam": "{{i18n: CFE_FlowerDance_Sam}}",
        "Leah": "{{i18n: CFE_FlowerDance_Leah}}",
        "Shane": "{{i18n: CFE_FlowerDance_Shane}}",
        "Marnie": "{{i18n: CFE_FlowerDance_Marnie}}",
        "Elliott": "{{i18n: CFE_FlowerDance_Elliott}}",
        "Gus": "{{i18n: CFE_FlowerDance_Gus}}",
        "Harvey": "{{i18n: CFE_FlowerDance_Harvey}}",
        "Jas": "{{i18n: CFE_FlowerDance_Jas}}",
        "Vincent": "{{i18n: CFE_FlowerDance_Vincent}}",
        "Willy": "{{i18n: CFE_FlowerDance_Willy}}",
        "Kent": "{{i18n: CFE_FlowerDance_Kent}}",
        "Leo": "{{i18n: CFE_FlowerDance_Leo}}",
        "Abigail_y2": "{{i18n: CFE_FlowerDance_Abigail_y2}}",
        "Robin_y2": "{{i18n: CFE_FlowerDance_Robin_y2}}",
        "Demetrius_y2": "{{i18n: CFE_FlowerDance_Demetrius_y2}}",
        "Maru_y2": "{{i18n: CFE_FlowerDance_Maru_y2}}",
        "Sebastian_y2": "{{i18n: CFE_FlowerDance_Sebastian_y2}}",
        "Linus_y2": "{{i18n: CFE_FlowerDance_Linus_y2}}",
        "Caroline_y2": "{{i18n: CFE_FlowerDance_Caroline_y2}}",
        "Alex_y2": "{{i18n: CFE_FlowerDance_Alex_y2}}",
        "George_y2": "{{i18n: CFE_FlowerDance_George_y2}}",
        "Evelyn_y2": "{{i18n: CFE_FlowerDance_Evelyn_y2}}",
        "Clint_y2": "{{i18n: CFE_FlowerDance_Clint_y2}}",
        "Penny_y2": "{{i18n: CFE_FlowerDance_Penny_y2}}",
        "Pam_y2": "{{i18n: CFE_FlowerDance_Pam_y2}}",
        "Emily_y2": "{{i18n: CFE_FlowerDance_Emily_y2}}",
        "Haley_y2": "{{i18n: CFE_FlowerDance_Haley_y2}}",
        "Jodi_y2": "{{i18n: CFE_FlowerDance_Jodi_y2}}",
        "Kent_y2": "{{i18n: CFE_FlowerDance_Kent_y2}}",
        "Marlon_y2": "{{i18n: CFE_FlowerDance_Marlon_y2}}",
        "Sam_y2": "{{i18n: CFE_FlowerDance_Sam_y2}}",
        "Leah_y2": "{{i18n: CFE_FlowerDance_Leah_y2}}",
        "Shane_y2": "{{i18n: CFE_FlowerDance_Shane_y2}}",
        "Marnie_y2": "{{i18n: CFE_FlowerDance_Marnie_y2}}",
        "Elliott_y2": "{{i18n: CFE_FlowerDance_Elliott_y2}}",
        "Gus_y2": "{{i18n: CFE_FlowerDance_Gus_y2}}",
        "Harvey_y2": "{{i18n: CFE_FlowerDance_Harvey_y2}}",
        "Jas_y2": "{{i18n: CFE_FlowerDance_Jas_y2}}",
        "Vincent_y2": "{{i18n: CFE_FlowerDance_Vincent_y2}}",
        "Willy_y2": "{{i18n: CFE_FlowerDance_Willy_y2}}",
        "Leo_y2": "{{i18n: CFE_FlowerDance_Leo_y2}}"
      }
    },
    {
      "LogName": "CFE_Luau_Dialogue",
      "Action": "EditData",
      "Target": "Data/Festivals/summer11.xnb",
      "Entries": {
        "Governor": "{{i18n: CFE_Luau_Governor}}",
        "Abigail": "{{i18n: CFE_Luau_Abigail}}",
        "Robin": "{{i18n: CFE_Luau_Robin}}",
        "Demetrius": "{{i18n: CFE_Luau_Demetrius}}",
        "Maru": "{{i18n: CFE_Luau_Maru}}",
        "Sebastian": "{{i18n: CFE_Luau_Sebastian}}",
        "Linus": "{{i18n: CFE_Luau_Linus}}",
        "Pierre": "{{i18n: CFE_Luau_Pierre}}",
        "Caroline": "{{i18n: CFE_Luau_Caroline}}",
        "Alex": "{{i18n: CFE_Luau_Alex}}",
        "George": "{{i18n: CFE_Luau_George}}",
        "Evelyn": "{{i18n: CFE_Luau_Evelyn}}",
        "Lewis": "{{i18n: CFE_Luau_Lewis}}",
        "Clint": "{{i18n: CFE_Luau_Clint}}",
        "Penny": "{{i18n: CFE_Luau_Penny}}",
        "Pam": "{{i18n: CFE_Luau_Pam}}",
        "Haley": "{{i18n: CFE_Luau_Haley}}",
        "Jodi": "{{i18n: CFE_Luau_Jodi}}",
        "Marlon": "{{i18n: CFE_Luau_Marlon}}",
        "Sam": "{{i18n: CFE_Luau_Sam}}",
        "Leah": "{{i18n: CFE_Luau_Leah}}",
        "Shane": "{{i18n: CFE_Luau_Shane}}",
        "Marnie": "{{i18n: CFE_Luau_Marnie}}",
        "Elliott": "{{i18n: CFE_Luau_Elliott}}",
        "Gus": "{{i18n: CFE_Luau_Gus}}",
        "Wizard": "{{i18n: CFE_Luau_Wizard}}",
        "Harvey": "{{i18n: CFE_Luau_Harvey}}",
        "Jas": "{{i18n: CFE_Luau_Jas}}",
        "Vincent": "{{i18n: CFE_Luau_Vincent}}",
        "Willy": "{{i18n: CFE_Luau_Willy}}",
        "Leo": "{{i18n: CFE_Luau_Leo}}",
        "Kent": "{{i18n: CFE_Luau_Kent}}",
        "Governor_y2": "{{i18n: CFE_Luau_Governor_y2}}",
        "Abigail_y2": "{{i18n: CFE_Luau_Abigail_y2}}",
        "Robin_y2": "{{i18n: CFE_Luau_Robin_y2}}",
        "Demetrius_y2": "{{i18n: CFE_Luau_Demetrius_y2}}",
        "Maru_y2": "{{i18n: CFE_Luau_Maru_y2}}",
        "Sebastian_y2": "{{i18n: CFE_Luau_Sebastian_y2}}",
        "Linus_y2": "{{i18n: CFE_Luau_Linus_y2}}",
        "Pierre_y2": "{{i18n: CFE_Luau_Pierre_y2}}",
        "Emily_y2": "{{i18n: CFE_Luau_Emily_y2}}",
        "Caroline_y2": "{{i18n: CFE_Luau_Caroline_y2}}",
        "Alex_y2": "{{i18n: CFE_Luau_Alex_y2}}",
        "George_y2": "{{i18n: CFE_Luau_George_y2}}",
        "Evelyn_y2": "{{i18n: CFE_Luau_Evelyn_y2}}",
        "Lewis_y2": "{{i18n: CFE_Luau_Lewis_y2}}",
        "Clint_y2": "{{i18n: CFE_Luau_Clint_y2}}",
        "Penny_y2": "{{i18n: CFE_Luau_Penny_y2}}",
        "Pam_y2": "{{i18n: CFE_Luau_Pam_y2}}",
        "Haley_y2": "{{i18n: CFE_Luau_Haley_y2}}",
        "Jodi_y2": "{{i18n: CFE_Luau_Jodi_y2}}",
        "Kent_y2": "{{i18n: CFE_Luau_Kent_y2}}",
        "Marlon_y2": "{{i18n: CFE_Luau_Marlon_y2}}",
        "Sam_y2": "{{i18n: CFE_Luau_Sam_y2}}",
        "Leah_y2": "{{i18n: CFE_Luau_Leah_y2}}",
        "Shane_y2": "{{i18n: CFE_Luau_Shane_y2}}",
        "Marnie_y2": "{{i18n: CFE_Luau_Marnie_y2}}",
        "Elliott_y2": "{{i18n: CFE_Luau_Elliott_y2}}",
        "Gus_y2": "{{i18n: CFE_Luau_Gus_y2}}",
        "Wizard_y2": "{{i18n: CFE_Luau_Wizard_y2}}",
        "Harvey_y2": "{{i18n: CFE_Luau_Harvey_y2}}",
        "Jas_y2": "{{i18n: CFE_Luau_Jas_y2}}",
        "Vincent_y2": "{{i18n: CFE_Luau_Vincent_y2}}",
        "Willy_y2": "{{i18n: CFE_Luau_Willy_y2}}",
        "Leo_y2": "{{i18n: CFE_Luau_Leo_y2}}"
      }
    },
    {
      "LogName": "CFE_MoonlightJellies_Dialogue",
      "Action": "EditData",
      "Target": "Data/Festivals/summer28.xnb",
      "Entries": {
        "Abigail": "{{i18n: CFE_MoonlightJellies_Abigail}}",
        "Robin": "{{i18n: CFE_MoonlightJellies_Robin}}",
        "Demetrius": "{{i18n: CFE_MoonlightJellies_Demetrius}}",
        "Maru": "{{i18n: CFE_MoonlightJellies_Maru}}",
        "Sebastian": "{{i18n: CFE_MoonlightJellies_Sebastian}}",
        "Pierre": "{{i18n: CFE_MoonlightJellies_Pierre}}",
        "Caroline": "{{i18n: CFE_MoonlightJellies_Caroline}}",
        "Linus": "{{i18n: CFE_MoonlightJellies_Linus}}",
        "Alex": "{{i18n: CFE_MoonlightJellies_Alex}}",
        "George": "{{i18n: CFE_MoonlightJellies_George}}",
        "Evelyn": "{{i18n: CFE_MoonlightJellies_Evelyn}}",
        "Lewis": "{{i18n: CFE_MoonlightJellies_Lewis}}",
        "Clint": "{{i18n: CFE_MoonlightJellies_Clint}}",
        "Emily": "{{i18n: CFE_MoonlightJellies_Emily}}",
        "Penny": "{{i18n: CFE_MoonlightJellies_Penny}}",
        "Pam": "{{i18n: CFE_MoonlightJellies_Pam}}",
        "Haley": "{{i18n: CFE_MoonlightJellies_Haley}}",
        "Jodi": "{{i18n: CFE_MoonlightJellies_Jodi}}",
        "Sam": "{{i18n: CFE_MoonlightJellies_Sam}}",
        "Leah": "{{i18n: CFE_MoonlightJellies_Leah}}",
        "Shane": "{{i18n: CFE_MoonlightJellies_Shane}}",
        "Marnie": "{{i18n: CFE_MoonlightJellies_Marnie}}",
        "Elliott": "{{i18n: CFE_MoonlightJellies_Elliott}}",
        "Gus": "{{i18n: CFE_MoonlightJellies_Gus}}",
        "Wizard": "{{i18n: CFE_MoonlightJellies_Wizard}}",
        "Harvey": "{{i18n: CFE_MoonlightJellies_Harvey}}",
        "Jas": "{{i18n: CFE_MoonlightJellies_Jas}}",
        "Vincent": "{{i18n: CFE_MoonlightJellies_Vincent}}",
        "Willy": "{{i18n: CFE_MoonlightJellies_Willy}}",
        "Leo": "{{i18n: CFE_MoonlightJellies_Leo}}",
        "Kent": "{{i18n: CFE_MoonlightJellies_Kent}}",
        "Abigail_y2": "{{i18n: CFE_MoonlightJellies_Abigail_y2}}",
        "Robin_y2": "{{i18n: CFE_MoonlightJellies_Robin_y2}}",
        "Demetrius_y2": "{{i18n: CFE_MoonlightJellies_Demetrius_y2}}",
        "Maru_y2": "{{i18n: CFE_MoonlightJellies_Maru_y2}}",
        "Sebastian_y2": "{{i18n: CFE_MoonlightJellies_Sebastian_y2}}",
        "Pierre_y2": "{{i18n: CFE_MoonlightJellies_Pierre_y2}}",
        "Caroline_y2": "{{i18n: CFE_MoonlightJellies_Caroline_y2}}",
        "Linus_y2": "{{i18n: CFE_MoonlightJellies_Linus_y2}}",
        "Alex_y2": "{{i18n: CFE_MoonlightJellies_Alex_y2}}",
        "George_y2": "{{i18n: CFE_MoonlightJellies_George_y2}}",
        "Evelyn_y2": "{{i18n: CFE_MoonlightJellies_Evelyn_y2}}",
        "Lewis_y2": "{{i18n: CFE_MoonlightJellies_Lewis_y2}}",
        "Clint_y2": "{{i18n: CFE_MoonlightJellies_Clint_y2}}",
        "Emily_y2": "{{i18n: CFE_MoonlightJellies_Emily_y2}}",
        "Penny_y2": "{{i18n: CFE_MoonlightJellies_Penny_y2}}",
        "Pam_y2": "{{i18n: CFE_MoonlightJellies_Pam_y2}}",
        "Haley_y2": "{{i18n: CFE_MoonlightJellies_Haley_y2}}",
        "Jodi_y2": "{{i18n: CFE_MoonlightJellies_Jodi_y2}}",
        "Kent_y2": "{{i18n: CFE_MoonlightJellies_Kent_y2}}",
        "Sam_y2": "{{i18n: CFE_MoonlightJellies_Sam_y2}}",
        "Leah_y2": "{{i18n: CFE_MoonlightJellies_Leah_y2}}",
        "Shane_y2": "{{i18n: CFE_MoonlightJellies_Shane_y2}}",
        "Marnie_y2": "{{i18n: CFE_MoonlightJellies_Marnie_y2}}",
        "Elliott_y2": "{{i18n: CFE_MoonlightJellies_Elliott_y2}}",
        "Elliott_spouse_y2": "{{i18n: CFE_MoonlightJellies_Elliott_spouse_y2}}",
        "Gus_y2": "{{i18n: CFE_MoonlightJellies_Gus_y2}}",
        "Wizard_y2": "{{i18n: CFE_MoonlightJellies_Wizard_y2}}",
        "Harvey_y2": "{{i18n: CFE_MoonlightJellies_Harvey_y2}}",
        "Jas_y2": "{{i18n: CFE_MoonlightJellies_Jas_y2}}",
        "Vincent_y2": "{{i18n: CFE_MoonlightJellies_Vincent_y2}}",
        "Willy_y2": "{{i18n: CFE_MoonlightJellies_Willy_y2}}",
        "Leo_y2": "{{i18n: CFE_MoonlightJellies_Leo_y2}}"
      }
    },
    {
      "LogName": "CFE_Fair_Dialogue",
      "Action": "EditData",
      "Target": "Data/Festivals/fall16.xnb",
      "Entries": {
        "Abigail": "{{i18n: CFE_Fair_Abigail}}",
        "Robin": "{{i18n: CFE_Fair_Robin}}",
        "Demetrius": "{{i18n: CFE_Fair_Demetrius}}",
        "Maru": "{{i18n: CFE_Fair_Maru}}",
        "Sebastian": "{{i18n: CFE_Fair_Sebastian}}",
        "Pierre": "{{i18n: CFE_Fair_Pierre}}",
        "Caroline": "{{i18n: CFE_Fair_Caroline}}",
        "Linus": "{{i18n: CFE_Fair_Linus}}",
        "Alex": "{{i18n: CFE_Fair_Alex}}",
        "George": "{{i18n: CFE_Fair_George}}",
        "Evelyn": "{{i18n: CFE_Fair_Evelyn}}",
        "Lewis": "{{i18n: CFE_Fair_Lewis}}",
        "Clint": "{{i18n: CFE_Fair_Clint}}",
        "Emily": "{{i18n: CFE_Fair_Emily}}",
        "Penny": "{{i18n: CFE_Fair_Penny}}",
        "Pam": "{{i18n: CFE_Fair_Pam}}",
        "Haley": "{{i18n: CFE_Fair_Haley}}",
        "Jodi": "{{i18n: CFE_Fair_Jodi}}",
        "Sam": "{{i18n: CFE_Fair_Sam}}",
        "Leah": "{{i18n: CFE_Fair_Leah}}",
        "Shane": "{{i18n: CFE_Fair_Shane}}",
        "Marnie": "{{i18n: CFE_Fair_Marnie}}",
        "Elliott": "{{i18n: CFE_Fair_Elliott}}",
        "Gus": "{{i18n: CFE_Fair_Gus}}",
        "Wizard": "{{i18n: CFE_Fair_Wizard}}",
        "Harvey": "{{i18n: CFE_Fair_Harvey}}",
        "Jas": "{{i18n: CFE_Fair_Jas}}",
        "Vincent": "{{i18n: CFE_Fair_Vincent}}",
        "Marlon": "{{i18n: CFE_Fair_Marlon}}",
        "Willy": "{{i18n: CFE_Fair_Willy}}",
        "Kent": "{{i18n: CFE_Fair_Kent}}",
        "Leo": "{{i18n: CFE_Fair_Leo}}",
        "Abigail_y2": "{{i18n: CFE_Fair_Abigail_y2}}",
        "Robin_y2": "{{i18n: CFE_Fair_Robin_y2}}",
        "Demetrius_y2": "{{i18n: CFE_Fair_Demetrius_y2}}",
        "Maru_y2": "{{i18n: CFE_Fair_Maru_y2}}",
        "Sebastian_y2": "{{i18n: CFE_Fair_Sebastian_y2}}",
        "Pierre_y2": "{{i18n: CFE_Fair_Pierre_y2}}",
        "Caroline_y2": "{{i18n: CFE_Fair_Caroline_y2}}",
        "Linus_y2": "{{i18n: CFE_Fair_Linus_y2}}",
        "Alex_y2": "{{i18n: CFE_Fair_Alex_y2}}",
        "George_y2": "{{i18n: CFE_Fair_George_y2}}",
        "Evelyn_y2": "{{i18n: CFE_Fair_Evelyn_y2}}",
        "Lewis_y2": "{{i18n: CFE_Fair_Lewis_y2}}",
        "Clint_y2": "{{i18n: CFE_Fair_Clint_y2}}",
        "Emily_y2": "{{i18n: CFE_Fair_Emily_y2}}",
        "Penny_y2": "{{i18n: CFE_Fair_Penny_y2}}",
        "Pam_y2": "{{i18n: CFE_Fair_Pam_y2}}",
        "Haley_y2": "{{i18n: CFE_Fair_Haley_y2}}",
        "Jodi_y2": "{{i18n: CFE_Fair_Jodi_y2}}",
        "Kent_y2": "{{i18n: CFE_Fair_Kent_y2}}",
        "Sam_y2": "{{i18n: CFE_Fair_Sam_y2}}",
        "Leah_y2": "{{i18n: CFE_Fair_Leah_y2}}",
        "Shane_y2": "{{i18n: CFE_Fair_Shane_y2}}",
        "Marnie_y2": "{{i18n: CFE_Fair_Marnie_y2}}",
        "Elliott_y2": "{{i18n: CFE_Fair_Elliott_y2}}",
        "Gus_y2": "{{i18n: CFE_Fair_Gus_y2}}",
        "Wizard_y2": "{{i18n: CFE_Fair_Wizard_y2}}",
        "Harvey_y2": "{{i18n: CFE_Fair_Harvey_y2}}",
        "Jas_y2": "{{i18n: CFE_Fair_Jas_y2}}",
        "Vincent_y2": "{{i18n: CFE_Fair_Vincent_y2}}",
        "Marlon_y2": "{{i18n: CFE_Fair_Marlon_y2}}",
        "Willy_y2": "{{i18n: CFE_Fair_Willy_y2}}",
        "Leo_y2": "{{i18n: CFE_Fair_Leo_y2}}",
        "Sandy_y2": "{{i18n: CFE_Fair_Sandy_y2}}"
      }
    },
    {
      "LogName": "CFE_SpiritsEve_Dialogue",
      "Action": "EditData",
      "Target": "Data/Festivals/fall27.xnb",
      "Entries": {
        "Abigail": "{{i18n: CFE_SpiritsEve_Abigail}}",
        "Robin": "{{i18n: CFE_SpiritsEve_Robin}}",
        "Demetrius": "{{i18n: CFE_SpiritsEve_Demetrius}}",
        "Maru": "{{i18n: CFE_SpiritsEve_Maru}}",
        "Sebastian": "{{i18n: CFE_SpiritsEve_Sebastian}}",
        "Caroline": "{{i18n: CFE_SpiritsEve_Caroline}}",
        "Alex": "{{i18n: CFE_SpiritsEve_Alex}}",
        "Lewis": "{{i18n: CFE_SpiritsEve_Lewis}}",
        "Clint": "{{i18n: CFE_SpiritsEve_Clint}}",
        "Emily": "{{i18n: CFE_SpiritsEve_Emily}}",
        "Penny": "{{i18n: CFE_SpiritsEve_Penny}}",
        "Pam": "{{i18n: CFE_SpiritsEve_Pam}}",
        "Haley": "{{i18n: CFE_SpiritsEve_Haley}}",
        "Jodi": "{{i18n: CFE_SpiritsEve_Jodi}}",
        "Sam": "{{i18n: CFE_SpiritsEve_Sam}}",
        "Leah": "{{i18n: CFE_SpiritsEve_Leah}}",
        "Marnie": "{{i18n: CFE_SpiritsEve_Marnie}}",
        "Elliott": "{{i18n: CFE_SpiritsEve_Elliott}}",
        "Gus": "{{i18n: CFE_SpiritsEve_Gus}}",
        "Harvey": "{{i18n: CFE_SpiritsEve_Harvey}}",
        "Shane": "{{i18n: CFE_SpiritsEve_Shane}}",
        "Jas": "{{i18n: CFE_SpiritsEve_Jas}}",
        "Vincent": "{{i18n: CFE_SpiritsEve_Vincent}}",
        "Marlon": "{{i18n: CFE_SpiritsEve_Marlon}}",
        "Leo": "{{i18n: CFE_SpiritsEve_Leo}}",
        "Kent": "{{i18n: CFE_SpiritsEve_Kent}}",
        "Abigail_y2": "{{i18n: CFE_SpiritsEve_Abigail_y2}}",
        "Robin_y2": "{{i18n: CFE_SpiritsEve_Robin_y2}}",
        "Demetrius_y2": "{{i18n: CFE_SpiritsEve_Demetrius_y2}}",
        "Maru_y2": "{{i18n: CFE_SpiritsEve_Maru_y2}}",
        "Sebastian_y2": "{{i18n: CFE_SpiritsEve_Sebastian_y2}}",
        "Caroline_y2": "{{i18n: CFE_SpiritsEve_Caroline_y2}}",
        "Alex_y2": "{{i18n: CFE_SpiritsEve_Alex_y2}}",
        "Lewis_y2": "{{i18n: CFE_SpiritsEve_Lewis_y2}}",
        "Clint_y2": "{{i18n: CFE_SpiritsEve_Clint_y2}}",
        "Emily_y2": "{{i18n: CFE_SpiritsEve_Emily_y2}}",
        "Penny_y2": "{{i18n: CFE_SpiritsEve_Penny_y2}}",
        "Pam_y2": "{{i18n: CFE_SpiritsEve_Pam_y2}}",
        "Haley_y2": "{{i18n: CFE_SpiritsEve_Haley_y2}}",
        "Jodi_y2": "{{i18n: CFE_SpiritsEve_Jodi_y2}}",
        "Kent_y2": "{{i18n: CFE_SpiritsEve_Kent_y2}}",
        "Sam_y2": "{{i18n: CFE_SpiritsEve_Sam_y2}}",
        "Leah_y2": "{{i18n: CFE_SpiritsEve_Leah_y2}}",
        "Marnie_y2": "{{i18n: CFE_SpiritsEve_Marnie_y2}}",
        "Elliott_y2": "{{i18n: CFE_SpiritsEve_Elliott_y2}}",
        "Gus_y2": "{{i18n: CFE_SpiritsEve_Gus_y2}}",
        "Harvey_y2": "{{i18n: CFE_SpiritsEve_Harvey_y2}}",
        "Shane_y2": "{{i18n: CFE_SpiritsEve_Shane_y2}}",
        "Jas_y2": "{{i18n: CFE_SpiritsEve_Jas_y2}}",
        "Vincent_y2": "{{i18n: CFE_SpiritsEve_Vincent_y2}}",
        "Marlon_y2": "{{i18n: CFE_SpiritsEve_Marlon_y2}}",
        "Leo_y2": "{{i18n: CFE_SpiritsEve_Leo_y2}}",
        "George_y2": "{{i18n: CFE_SpiritsEve_George_y2}}",
        "Evelyn_y2": "{{i18n: CFE_SpiritsEve_Evelyn_y2}}",
        "Pierre_y2": "{{i18n: CFE_SpiritsEve_Pierre_y2}}",
        "Willy_y2": "{{i18n: CFE_SpiritsEve_Willy_y2}}"
      }
    },
    {
      "LogName": "CFE_IceFest_Dialogue",
      "Action": "EditData",
      "Target": "Data/Festivals/winter8.xnb",
      "Entries": {
        "Abigail": "{{i18n: CFE_IceFest_Abigail}}",
        "Robin": "{{i18n: CFE_IceFest_Robin}}",
        "Demetrius": "{{i18n: CFE_IceFest_Demetrius}}",
        "Maru": "{{i18n: CFE_IceFest_Maru}}",
        "Sebastian": "{{i18n: CFE_IceFest_Sebastian}}",
        "Pierre": "{{i18n: CFE_IceFest_Pierre}}",
        "Shane": "{{i18n: CFE_IceFest_Shane}}",
        "Caroline": "{{i18n: CFE_IceFest_Caroline}}",
        "Linus": "{{i18n: CFE_IceFest_Linus}}",
        "Alex": "{{i18n: CFE_IceFest_Alex}}",
        "George": "{{i18n: CFE_IceFest_George}}",
        "Evelyn": "{{i18n: CFE_IceFest_Evelyn}}",
        "Lewis": "{{i18n: CFE_IceFest_Lewis}}",
        "Clint": "{{i18n: CFE_IceFest_Clint}}",
        "Emily": "{{i18n: CFE_IceFest_Emily}}",
        "Penny": "{{i18n: CFE_IceFest_Penny}}",
        "Pam": "{{i18n: CFE_IceFest_Pam}}",
        "Haley": "{{i18n: CFE_IceFest_Haley}}",
        "Jodi": "{{i18n: CFE_IceFest_Jodi}}",
        "Sam": "{{i18n: CFE_IceFest_Sam}}",
        "Leah": "{{i18n: CFE_IceFest_Leah}}",
        "Marnie": "{{i18n: CFE_IceFest_Marnie}}",
        "Elliott": "{{i18n: CFE_IceFest_Elliott}}",
        "Gus": "{{i18n: CFE_IceFest_Gus}}",
        "Wizard": "{{i18n: CFE_IceFest_Wizard}}",
        "Harvey": "{{i18n: CFE_IceFest_Harvey}}",
        "Jas": "{{i18n: CFE_IceFest_Jas}}",
        "Vincent": "{{i18n: CFE_IceFest_Vincent}}",
        "Leo": "{{i18n: CFE_IceFest_Leo}}",
        "Kent": "{{i18n: CFE_IceFest_Kent}}",
        "Abigail_y2": "{{i18n: CFE_IceFest_Abigail_y2}}",
        "Robin_y2": "{{i18n: CFE_IceFest_Robin_y2}}",
        "Demetrius_y2": "{{i18n: CFE_IceFest_Demetrius_y2}}",
        "Maru_y2": "{{i18n: CFE_IceFest_Maru_y2}}",
        "Sebastian_y2": "{{i18n: CFE_IceFest_Sebastian_y2}}",
        "Pierre_y2": "{{i18n: CFE_IceFest_Pierre_y2}}",
        "Shane_y2": "{{i18n: CFE_IceFest_Shane_y2}}",
        "Caroline_y2": "{{i18n: CFE_IceFest_Caroline_y2}}",
        "Linus_y2": "{{i18n: CFE_IceFest_Linus_y2}}",
        "Alex_y2": "{{i18n: CFE_IceFest_Alex_y2}}",
        "George_y2": "{{i18n: CFE_IceFest_George_y2}}",
        "Evelyn_y2": "{{i18n: CFE_IceFest_Evelyn_y2}}",
        "Lewis_y2": "{{i18n: CFE_IceFest_Lewis_y2}}",
        "Clint_y2": "{{i18n: CFE_IceFest_Clint_y2}}",
        "Emily_y2": "{{i18n: CFE_IceFest_Emily_y2}}",
        "Penny_y2": "{{i18n: CFE_IceFest_Penny_y2}}",
        "Pam_y2": "{{i18n: CFE_IceFest_Pam_y2}}",
        "Haley_y2": "{{i18n: CFE_IceFest_Haley_y2}}",
        "Jodi_y2": "{{i18n: CFE_IceFest_Jodi_y2}}",
        "Kent_y2": "{{i18n: CFE_IceFest_Kent_y2}}",
        "Sam_y2": "{{i18n: CFE_IceFest_Sam_y2}}",
        "Leah_y2": "{{i18n: CFE_IceFest_Leah_y2}}",
        "Marnie_y2": "{{i18n: CFE_IceFest_Marnie_y2}}",
        "Elliott_y2": "{{i18n: CFE_IceFest_Elliott_y2}}",
        "Gus_y2": "{{i18n: CFE_IceFest_Gus_y2}}",
        "Harvey_y2": "{{i18n: CFE_IceFest_Harvey_y2}}",
        "Jas_y2": "{{i18n: CFE_IceFest_Jas_y2}}",
        "Vincent_y2": "{{i18n: CFE_IceFest_Vincent_y2}}",
        "Leo_y2": "{{i18n: CFE_IceFest_Leo_y2}}",
        "Willy_y2": "{{i18n: CFE_IceFest_Willy_y2}}",
        "Marlon_y2": "{{i18n: CFE_IceFest_Marlon_y2}}"
      }
    },
    {
      "LogName": "CFE_WinterStar_Dialogue",
      "Action": "EditData",
      "Target": "Data/Festivals/winter25.xnb",
      "Entries": {
        "Abigail": "{{i18n: CFE_WinterStar_Abigail}}",
        "Robin": "{{i18n: CFE_WinterStar_Robin}}",
        "Demetrius": "{{i18n: CFE_WinterStar_Demetrius}}",
        "Maru": "{{i18n: CFE_WinterStar_Maru}}",
        "Shane": "{{i18n: CFE_WinterStar_Shane}}",
        "Sebastian": "{{i18n: CFE_WinterStar_Sebastian}}",
        "Pierre": "{{i18n: CFE_WinterStar_Pierre}}",
        "Caroline": "{{i18n: CFE_WinterStar_Caroline}}",
        "Linus": "{{i18n: CFE_WinterStar_Linus}}",
        "Alex": "{{i18n: CFE_WinterStar_Alex}}",
        "George": "{{i18n: CFE_WinterStar_George}}",
        "Evelyn": "{{i18n: CFE_WinterStar_Evelyn}}",
        "Lewis": "{{i18n: CFE_WinterStar_Lewis}}",
        "Clint": "{{i18n: CFE_WinterStar_Clint}}",
        "Emily": "{{i18n: CFE_WinterStar_Emily}}",
        "Penny": "{{i18n: CFE_WinterStar_Penny}}",
        "Pam": "{{i18n: CFE_WinterStar_Pam}}",
        "Haley": "{{i18n: CFE_WinterStar_Haley}}",
        "Jodi": "{{i18n: CFE_WinterStar_Jodi}}",
        "Kent": "{{i18n: CFE_WinterStar_Kent}}",
        "Sam": "{{i18n: CFE_WinterStar_Sam}}",
        "Leah": "{{i18n: CFE_WinterStar_Leah}}",
        "Marnie": "{{i18n: CFE_WinterStar_Marnie}}",
        "Elliott": "{{i18n: CFE_WinterStar_Elliott}}",
        "Harvey": "{{i18n: CFE_WinterStar_Harvey}}",
        "Jas": "{{i18n: CFE_WinterStar_Jas}}",
        "Vincent": "{{i18n: CFE_WinterStar_Vincent}}",
        "Marlon": "{{i18n: CFE_WinterStar_Marlon}}",
        "Leo": "{{i18n: CFE_WinterStar_Leo}}",
        "Abigail_y2": "{{i18n: CFE_WinterStar_Abigail_y2}}",
        "Robin_y2": "{{i18n: CFE_WinterStar_Robin_y2}}",
        "Demetrius_y2": "{{i18n: CFE_WinterStar_Demetrius_y2}}",
        "Maru_y2": "{{i18n: CFE_WinterStar_Maru_y2}}",
        "Shane_y2": "{{i18n: CFE_WinterStar_Shane_y2}}",
        "Sebastian_y2": "{{i18n: CFE_WinterStar_Sebastian_y2}}",
        "Pierre_y2": "{{i18n: CFE_WinterStar_Pierre_y2}}",
        "Caroline_y2": "{{i18n: CFE_WinterStar_Caroline_y2}}",
        "Linus_y2": "{{i18n: CFE_WinterStar_Linus_y2}}",
        "Alex_y2": "{{i18n: CFE_WinterStar_Alex_y2}}",
        "George_y2": "{{i18n: CFE_WinterStar_George_y2}}",
        "Evelyn_y2": "{{i18n: CFE_WinterStar_Evelyn_y2}}",
        "Lewis_y2": "{{i18n: CFE_WinterStar_Lewis_y2}}",
        "Clint_y2": "{{i18n: CFE_WinterStar_Clint_y2}}",
        "Emily_y2": "{{i18n: CFE_WinterStar_Emily_y2}}",
        "Penny_y2": "{{i18n: CFE_WinterStar_Penny_y2}}",
        "Pam_y2": "{{i18n: CFE_WinterStar_Pam_y2}}",
        "Haley_y2": "{{i18n: CFE_WinterStar_Haley_y2}}",
        "Jodi_y2": "{{i18n: CFE_WinterStar_Jodi_y2}}",
        "Kent_y2": "{{i18n: CFE_WinterStar_Kent_y2}}",
        "Sam_y2": "{{i18n: CFE_WinterStar_Sam_y2}}",
        "Leah_y2": "{{i18n: CFE_WinterStar_Leah_y2}}",
        "Marnie_y2": "{{i18n: CFE_WinterStar_Marnie_y2}}",
        "Elliott_y2": "{{i18n: CFE_WinterStar_Elliott_y2}}",
        "Gus_y2": "{{i18n: CFE_WinterStar_Gus_y2}}",
        "Harvey_y2": "{{i18n: CFE_WinterStar_Harvey_y2}}",
        "Jas_y2": "{{i18n: CFE_WinterStar_Jas_y2}}",
        "Vincent_y2": "{{i18n: CFE_WinterStar_Vincent_y2}}",
        "Marlon_y2": "{{i18n: CFE_WinterStar_Marlon_y2}}",
        "Leo_y2": "{{i18n: CFE_WinterStar_Leo_y2}}",
        "Willy_y2": "{{i18n: CFE_WinterStar_Willy_y2}}"
      }
    }
  ]
}